<?xml version="1.0" encoding="UTF-8" standalone="yes"?>
<TableDataGenerator xmlns="http://www.domincgiles.com/datagen">
    <DatabaseConnectionInformation>
        <Username>soe</Username>
        <Password>soe</Password>
        <ConnectString>//oraclelinux/orcl</ConnectString>
        <DriverType>thin</DriverType>
    </DatabaseConnectionInformation>
    <Table RowCount="1000">
        <TableName>WAREHOUSES</TableName>
        <Columns>
            <Column>
                <ColumnName>WAREHOUSE_ID</ColumnName>
                <DataType>NUMBER</DataType>
                <PrimaryKey>true</PrimaryKey>
                <NullsAllowed>false</NullsAllowed>
                <Size>10</Size>
                <PopulateWith>
                    <DataGenerator>
                        <NumberGenerator>
                            <id>WAREHOUSE_IDDG</id>
                            <Start>0</Start>
                            <End>999999</End>
                            <OrderedSequence>true</OrderedSequence>
                            <SequenceName>WAREHOUSE_SEQ</SequenceName>
                            <PercentageNull>0</PercentageNull>
                        </NumberGenerator>
                    </DataGenerator>
                </PopulateWith>
            </Column>
            <Column>
                <ColumnName>WAREHOUSE_NAME</ColumnName>
                <DataType>VARCHAR2</DataType>
                <PrimaryKey>false</PrimaryKey>
                <NullsAllowed>true</NullsAllowed>
                <Size>35</Size>
                <PopulateWith>
                    <DataGenerator>
                        <CharacterGenerator>
                            <id>WAREHOUSE_NAMEDG</id>
                            <CharacterClass>Alpha Numeric</CharacterClass>
                            <MinimumSize>1</MinimumSize>
                            <MaximumSize>35</MaximumSize>
                        </CharacterGenerator>
                    </DataGenerator>
                </PopulateWith>
            </Column>
            <Column>
                <ColumnName>LOCATION_ID</ColumnName>
                <DataType>NUMBER</DataType>
                <PrimaryKey>false</PrimaryKey>
                <NullsAllowed>true</NullsAllowed>
                <Size>4</Size>
                <PopulateWith>
                    <DataGenerator>
                        <NumberGenerator>
                            <id>LOCATION_IDDG</id>
                            <Start>0</Start>
                            <End>9999</End>
                        </NumberGenerator>
                    </DataGenerator>
                </PopulateWith>
            </Column>
        </Columns>
        <Scaleable>false</Scaleable>
        <ScaleRatio>1.0</ScaleRatio>
        <ScaleFormula></ScaleFormula>
        <Dimension>false</Dimension>
    </Table>
    <Table RowCount="1000">
        <TableName>PRODUCT_INFORMATION</TableName>
        <Columns>
            <Column>
                <ColumnName>PRODUCT_ID</ColumnName>
                <DataType>NUMBER</DataType>
                <PrimaryKey>true</PrimaryKey>
                <NullsAllowed>false</NullsAllowed>
                <Size>10</Size>
                <PopulateWith>
                    <DataGenerator>
                        <NumberGenerator>
                            <id>PRODUCT_IDDG</id>
                            <Start>0</Start>
                            <End>999999</End>
                            <OrderedSequence>true</OrderedSequence>
                            <SequenceName>PRODUCT_SEQ</SequenceName>
                            <PercentageNull>0</PercentageNull>
                            <LocalSequence>false</LocalSequence>
                        </NumberGenerator>
                    </DataGenerator>
                </PopulateWith>
            </Column>
            <Column>
                <ColumnName>PRODUCT_NAME</ColumnName>
                <DataType>VARCHAR2</DataType>
                <PrimaryKey>false</PrimaryKey>
                <NullsAllowed>true</NullsAllowed>
                <Size>50</Size>
                <PopulateWith>
                    <DataGenerator>
                        <CharacterGenerator>
                            <id>PRODUCT_NAMEDG</id>
                            <CharacterClass>Alpha Numeric With Whitespace</CharacterClass>
                            <MinimumSize>10</MinimumSize>
                            <MaximumSize>35</MaximumSize>
                            <PercentageNull>0</PercentageNull>
                        </CharacterGenerator>
                    </DataGenerator>
                </PopulateWith>
            </Column>
            <Column>
                <ColumnName>PRODUCT_DESCRIPTION</ColumnName>
                <DataType>VARCHAR2</DataType>
                <PrimaryKey>false</PrimaryKey>
                <NullsAllowed>true</NullsAllowed>
                <Size>2000</Size>
                <PopulateWith>
                    <DataGenerator>
                        <CharacterGenerator>
                            <id>PRODUCT_DESCRIPTIONDG</id>
                            <CharacterClass>Alpha With Whitespace</CharacterClass>
                            <MinimumSize>40</MinimumSize>
                            <MaximumSize>150</MaximumSize>
                            <PercentageNull>0</PercentageNull>
                        </CharacterGenerator>
                    </DataGenerator>
                </PopulateWith>
            </Column>
            <Column>
                <ColumnName>CATEGORY_ID</ColumnName>
                <DataType>NUMBER</DataType>
                <PrimaryKey>false</PrimaryKey>
                <NullsAllowed>true</NullsAllowed>
                <Size>4</Size>
                <PopulateWith>
                    <DataGenerator>
                        <NumberGenerator>
                            <id>CATEGORY_IDDG</id>
                            <Start>1</Start>
                            <End>200</End>
                            <OrderedSequence>false</OrderedSequence>
                            <PercentageNull>0</PercentageNull>
                            <LocalSequence>false</LocalSequence>
                        </NumberGenerator>
                    </DataGenerator>
                </PopulateWith>
            </Column>
            <Column>
                <ColumnName>WEIGHT_CLASS</ColumnName>
                <DataType>NUMBER</DataType>
                <PrimaryKey>false</PrimaryKey>
                <NullsAllowed>true</NullsAllowed>
                <Size>1</Size>
                <PopulateWith>
                    <DataGenerator>
                        <NumberGenerator>
                            <id>DG1</id>
                            <Start>1</Start>
                            <End>10</End>
                            <OrderedSequence>false</OrderedSequence>
                            <PercentageNull>0</PercentageNull>
                        </NumberGenerator>
                    </DataGenerator>
                </PopulateWith>
            </Column>
            <Column>
                <ColumnName>WARRANTY_PERIOD</ColumnName>
                <DataType>INTERVAL</DataType>
                <PrimaryKey>false</PrimaryKey>
                <NullsAllowed>true</NullsAllowed>
                <Size>6</Size>
                <PopulateWith>
                    <DataGenerator>
                        <IntervalGenerator>
                            <id>WARRANTY_PERIODDG</id>
                            <StartYear>0</StartYear>
                            <EndYear>99</EndYear>
                            <StartMonth>1</StartMonth>
                            <EndMonth>1</EndMonth>
                            <PercentageNull>0</PercentageNull>
                        </IntervalGenerator>
                    </DataGenerator>
                </PopulateWith>
            </Column>
            <Column>
                <ColumnName>SUPPLIER_ID</ColumnName>
                <DataType>NUMBER</DataType>
                <PrimaryKey>false</PrimaryKey>
                <NullsAllowed>true</NullsAllowed>
                <Size>6</Size>
                <PopulateWith>
                    <DataGenerator>
                        <NumberGenerator>
                            <id>SUPPLIER_IDDG</id>
                            <Start>0</Start>
                            <End>999999</End>
                        </NumberGenerator>
                    </DataGenerator>
                </PopulateWith>
            </Column>
            <Column>
                <ColumnName>PRODUCT_STATUS</ColumnName>
                <DataType>VARCHAR2</DataType>
                <PrimaryKey>false</PrimaryKey>
                <NullsAllowed>true</NullsAllowed>
                <Size>20</Size>
                <PopulateWith>
                    <DataGenerator>
                        <EnumerationGenerator>
                            <id>DG1</id>
                            <EnumerationValues>orderable,planned,under development,obsolete</EnumerationValues>
                            <MinimumRepetitions>1</MinimumRepetitions>
                            <MaximumRepetitions>1</MaximumRepetitions>
                            <PercentageNull>0</PercentageNull>
                        </EnumerationGenerator>
                    </DataGenerator>
                </PopulateWith>
            </Column>
            <Column>
                <ColumnName>LIST_PRICE</ColumnName>
                <DataType>NUMBER</DataType>
                <PrimaryKey>false</PrimaryKey>
                <NullsAllowed>true</NullsAllowed>
                <Size>8</Size>
                <PopulateWith>
                    <DataGenerator>
                        <NumberGenerator>
                            <id>LIST_PRICEDG</id>
                            <Start>1</Start>
                            <End>5000</End>
                            <OrderedSequence>false</OrderedSequence>
                            <PercentageNull>0</PercentageNull>
                        </NumberGenerator>
                    </DataGenerator>
                </PopulateWith>
            </Column>
            <Column>
                <ColumnName>MIN_PRICE</ColumnName>
                <DataType>NUMBER</DataType>
                <PrimaryKey>false</PrimaryKey>
                <NullsAllowed>true</NullsAllowed>
                <Size>8</Size>
                <PopulateWith>
                    <DataGenerator>
                        <NumberGenerator>
                            <id>MIN_PRICEDG</id>
                            <Start>1</Start>
                            <End>5000</End>
                            <OrderedSequence>false</OrderedSequence>
                            <PercentageNull>0</PercentageNull>
                        </NumberGenerator>
                    </DataGenerator>
                </PopulateWith>
            </Column>
            <Column>
                <ColumnName>CATALOG_URL</ColumnName>
                <DataType>VARCHAR2</DataType>
                <PrimaryKey>false</PrimaryKey>
                <NullsAllowed>true</NullsAllowed>
                <Size>50</Size>
                <PopulateWith>
                    <DataGenerator>
                        <CharacterGenerator>
                            <id>CATALOG_URLDG</id>
                            <CharacterClass>Alpha Numeric</CharacterClass>
                            <MinimumSize>6</MinimumSize>
                            <MaximumSize>32</MaximumSize>
                            <PercentageNull>0</PercentageNull>
                        </CharacterGenerator>
                    </DataGenerator>
                </PopulateWith>
            </Column>
        </Columns>
        <Scaleable>false</Scaleable>
        <ScaleRatio>1.0</ScaleRatio>
        <ScaleFormula></ScaleFormula>
        <Dimension>false</Dimension>
    </Table>
    <Table RowCount="1000">
        <TableName>PRODUCT_DESCRIPTIONS</TableName>
        <Columns>
            <Column>
                <ColumnName>PRODUCT_ID</ColumnName>
                <DataType>NUMBER</DataType>
                <PrimaryKey>true</PrimaryKey>
                <NullsAllowed>false</NullsAllowed>
                <Size>6</Size>
                <PopulateWith>
                    <DataGenerator>
                        <NumberGenerator>
                            <id>PRODUCT_IDDG</id>
                            <Start>0</Start>
                            <End>999999</End>
                            <OrderedSequence>true</OrderedSequence>
                            <SequenceName>PRODUCT_DESC_SEQ</SequenceName>
                            <PercentageNull>0</PercentageNull>
                        </NumberGenerator>
                    </DataGenerator>
                </PopulateWith>
            </Column>
            <Column>
                <ColumnName>LANGUAGE_ID</ColumnName>
                <DataType>VARCHAR2</DataType>
                <PrimaryKey>true</PrimaryKey>
                <NullsAllowed>false</NullsAllowed>
                <Size>3</Size>
                <PopulateWith>
                    <DataGenerator>
                        <CharacterGenerator>
                            <id>LANGUAGE_IDDG</id>
                            <CharacterClass>Alpha Numeric</CharacterClass>
                            <MinimumSize>1</MinimumSize>
                            <MaximumSize>3</MaximumSize>
                            <PercentageNull>0</PercentageNull>
                        </CharacterGenerator>
                    </DataGenerator>
                </PopulateWith>
            </Column>
            <Column>
                <ColumnName>TRANSLATED_NAME</ColumnName>
                <DataType>NVARCHAR2</DataType>
                <PrimaryKey>false</PrimaryKey>
                <NullsAllowed>false</NullsAllowed>
                <Size>50</Size>
                <PopulateWith>
                    <DataGenerator>
                        <CharacterGenerator>
                            <id>TRANSLATED_NAMEDG</id>
                            <CharacterClass>Alpha Numeric With Whitespace</CharacterClass>
                            <MinimumSize>10</MinimumSize>
                            <MaximumSize>20</MaximumSize>
                            <PercentageNull>0</PercentageNull>
                        </CharacterGenerator>
                    </DataGenerator>
                </PopulateWith>
            </Column>
            <Column>
                <ColumnName>TRANSLATED_DESCRIPTION</ColumnName>
                <DataType>NVARCHAR2</DataType>
                <PrimaryKey>false</PrimaryKey>
                <NullsAllowed>false</NullsAllowed>
                <Size>2000</Size>
                <PopulateWith>
                    <DataGenerator>
                        <CharacterGenerator>
                            <id>TRANSLATED_DESCRIPTIONDG</id>
                            <CharacterClass>Alpha Numeric With Whitespace</CharacterClass>
                            <MinimumSize>30</MinimumSize>
                            <MaximumSize>150</MaximumSize>
                            <PercentageNull>0</PercentageNull>
                        </CharacterGenerator>
                    </DataGenerator>
                </PopulateWith>
            </Column>
        </Columns>
        <Scaleable>false</Scaleable>
        <ScaleRatio>1.0</ScaleRatio>
        <ScaleFormula></ScaleFormula>
        <Dimension>false</Dimension>
    </Table>
    <Table RowCount="2382984">
        <TableName>LOGON</TableName>
        <Columns>
            <Column>
                <ColumnName>LOGON_ID</ColumnName>
                <DataType>NUMBER</DataType>
                <PrimaryKey>true</PrimaryKey>
                <NullsAllowed>false</NullsAllowed>
                <Size>12</Size>
                <PopulateWith>
                    <DataGenerator>
                        <NumberGenerator>
                            <id>DG1</id>
                            <Start>1</Start>
                            <End>100</End>
                            <OrderedSequence>true</OrderedSequence>
                            <SequenceName>LOGON_ID</SequenceName>
                            <PercentageNull>0</PercentageNull>
                            <LocalSequence>true</LocalSequence>
                            <ReferenceTableName>LOGON</ReferenceTableName>
                            <Multiplier>1</Multiplier>
                        </NumberGenerator>
                    </DataGenerator>
                </PopulateWith>
            </Column>
            <Column>
                <ColumnName>CUSTOMER_ID</ColumnName>
                <DataType>NUMBER</DataType>
                <PrimaryKey>false</PrimaryKey>
                <NullsAllowed>true</NullsAllowed>
                <Size>10</Size>
                <PopulateWith>
                    <DataGenerator>
                        <NumberGenerator>
                            <id>CUSTOMER_IDDG</id>
                            <Start>0</Start>
                            <End>1000000</End>
                            <OrderedSequence>false</OrderedSequence>
                            <PercentageNull>0</PercentageNull>
                            <LocalSequence>false</LocalSequence>
                            <ReferenceTableName>CUSTOMERS</ReferenceTableName>
                            <Multiplier>1</Multiplier>
                        </NumberGenerator>
                    </DataGenerator>
                </PopulateWith>
            </Column>
            <Column>
                <ColumnName>LOGON_DATE</ColumnName>
                <DataType>DATE</DataType>
                <PrimaryKey>false</PrimaryKey>
                <NullsAllowed>true</NullsAllowed>
                <Size>10</Size>
                <PopulateWith>
                    <DataGenerator>
                        <DateGenerator>
                            <id>LOGON_DATEDG</id>
                            <Start>2000-01-01T00:00:00Z</Start>
                            <End>2012-05-09T00:00:00Z</End>
                            <RoundUpDay>false</RoundUpDay>
                            <RoundUpHour>false</RoundUpHour>
                            <AddToResult>0</AddToResult>
                            <PercentageNull>0</PercentageNull>
                        </DateGenerator>
                    </DataGenerator>
                </PopulateWith>
            </Column>
        </Columns>
        <Partition>
            <PartitionKey>LOGON_ID</PartitionKey>
            <NumberOfPartitions>8</NumberOfPartitions>
        </Partition>
        <Scaleable>true</Scaleable>
        <ScaleRatio>1.0</ScaleRatio>
        <ScaleFormula></ScaleFormula>
        <Dimension>false</Dimension>
    </Table>
    <Table RowCount="900000">
        <TableName>INVENTORIES</TableName>
        <Columns>
            <Column>
                <ColumnName>PRODUCT_ID</ColumnName>
                <DataType>NUMBER</DataType>
                <PrimaryKey>true</PrimaryKey>
                <NullsAllowed>false</NullsAllowed>
                <Size>6</Size>
                <PopulateWith>
                    <DataGenerator>
                        <NumberGenerator>
                            <id>PRODUCT_IDDG</id>
                            <Start>0</Start>
                            <End>999999</End>
                            <OrderedSequence>false</OrderedSequence>
                            <PercentageNull>0</PercentageNull>
                        </NumberGenerator>
                    </DataGenerator>
                </PopulateWith>
            </Column>
            <Column>
                <ColumnName>WAREHOUSE_ID</ColumnName>
                <DataType>NUMBER</DataType>
                <PrimaryKey>true</PrimaryKey>
                <NullsAllowed>false</NullsAllowed>
                <Size>6</Size>
                <PopulateWith>
                    <DataGenerator>
                        <NumberGenerator>
                            <id>WAREHOUSE_IDDG</id>
                            <Start>0</Start>
                            <End>999999</End>
                            <OrderedSequence>true</OrderedSequence>
                            <SequenceName>INVENTORIES_SEQ</SequenceName>
                            <PercentageNull>0</PercentageNull>
                        </NumberGenerator>
                    </DataGenerator>
                </PopulateWith>
            </Column>
            <Column>
                <ColumnName>QUANTITY_ON_HAND</ColumnName>
                <DataType>NUMBER</DataType>
                <PrimaryKey>false</PrimaryKey>
                <NullsAllowed>false</NullsAllowed>
                <Size>8</Size>
                <PopulateWith>
                    <DataGenerator>
                        <NumberGenerator>
                            <id>QUANTITY_ON_HANDDG</id>
                            <Start>0</Start>
                            <End>99999999</End>
                            <OrderedSequence>false</OrderedSequence>
                            <PercentageNull>0</PercentageNull>
                        </NumberGenerator>
                    </DataGenerator>
                </PopulateWith>
            </Column>
        </Columns>
        <ParentChildRelationship>
            <ParentTable>PRODUCT_INFORMATION</ParentTable>
            <ParentColumn>PRODUCT_ID</ParentColumn>
            <ChildColumn>PRODUCT_ID</ChildColumn>
            <MinChildParentCount>800</MinChildParentCount>
            <MaxChildParentCount>1000</MaxChildParentCount>
            <ResetChildColumn>WAREHOUSE_ID</ResetChildColumn>
        </ParentChildRelationship>
        <Scaleable>false</Scaleable>
        <ScaleRatio>1.0</ScaleRatio>
        <ScaleFormula></ScaleFormula>
        <Dimension>false</Dimension>
    </Table>
    <Table RowCount="1429790">
        <TableName>ORDERS</TableName>
        <Columns>
            <Column>
                <ColumnName>ORDER_ID</ColumnName>
                <DataType>NUMBER</DataType>
                <PrimaryKey>true</PrimaryKey>
                <NullsAllowed>false</NullsAllowed>
                <Size>12</Size>
                <PopulateWith>
                    <DataGenerator>
                        <NumberGenerator>
                            <id>ORDER_IDDG</id>
                            <Start>1</Start>
                            <End>40373</End>
                            <OrderedSequence>true</OrderedSequence>
                            <SequenceName>ORDERS_SEQ</SequenceName>
                            <PercentageNull>0</PercentageNull>
                            <LocalSequence>true</LocalSequence>
                            <ReferenceTableName>ORDERS</ReferenceTableName>
                            <Multiplier>1</Multiplier>
                        </NumberGenerator>
                    </DataGenerator>
                </PopulateWith>
            </Column>
            <Column>
                <ColumnName>ORDER_DATE</ColumnName>
                <DataType>TIMESTAMP</DataType>
                <PrimaryKey>false</PrimaryKey>
                <NullsAllowed>false</NullsAllowed>
                <Size>6</Size>
                <PopulateWith>
                    <DataGenerator>
                        <DateGenerator>
                            <id>ORDER_DATEDG</id>
                            <Start>2007-01-01T00:00:00Z</Start>
                            <End>2012-05-01T00:00:00Z</End>
                            <RoundUpDay>false</RoundUpDay>
                            <RoundUpHour>true</RoundUpHour>
                            <AddToResult>0</AddToResult>
                            <PercentageNull>0</PercentageNull>
                        </DateGenerator>
                    </DataGenerator>
                </PopulateWith>
            </Column>
            <Column>
                <ColumnName>ORDER_MODE</ColumnName>
                <DataType>VARCHAR2</DataType>
                <PrimaryKey>false</PrimaryKey>
                <NullsAllowed>true</NullsAllowed>
                <Size>8</Size>
                <PopulateWith>
                    <DataGenerator>
                        <EnumerationGenerator>
                            <id>DG2</id>
                            <EnumerationValues>direct,online</EnumerationValues>
                            <MinimumRepetitions>1</MinimumRepetitions>
                            <MaximumRepetitions>1</MaximumRepetitions>
                            <PercentageNull>20</PercentageNull>
                            <NormalDistribution>false</NormalDistribution>
                        </EnumerationGenerator>
                    </DataGenerator>
                </PopulateWith>
            </Column>
            <Column>
                <ColumnName>CUSTOMER_ID</ColumnName>
                <DataType>NUMBER</DataType>
                <PrimaryKey>false</PrimaryKey>
                <NullsAllowed>false</NullsAllowed>
                <Size>12</Size>
                <PopulateWith>
                    <DataGenerator>
                        <NumberGenerator>
                            <id>CUSTOMER_IDDG</id>
                            <Start>1</Start>
                            <End>1000000</End>
                            <OrderedSequence>false</OrderedSequence>
                            <PercentageNull>0</PercentageNull>
                            <LocalSequence>false</LocalSequence>
                            <ReferenceTableName>CUSTOMERS</ReferenceTableName>
                            <Multiplier>1</Multiplier>
                        </NumberGenerator>
                    </DataGenerator>
                </PopulateWith>
            </Column>
            <Column>
                <ColumnName>ORDER_STATUS</ColumnName>
                <DataType>NUMBER</DataType>
                <PrimaryKey>false</PrimaryKey>
                <NullsAllowed>true</NullsAllowed>
                <Size>2</Size>
                <PopulateWith>
                    <DataGenerator>
                        <NumberGenerator>
                            <id>ORDER_STATUSDG</id>
                            <Start>1</Start>
                            <End>10</End>
                            <OrderedSequence>false</OrderedSequence>
                            <PercentageNull>0</PercentageNull>
                            <LocalSequence>false</LocalSequence>
                            <NormalDistribution>true</NormalDistribution>
                        </NumberGenerator>
                    </DataGenerator>
                </PopulateWith>
            </Column>
            <Column>
                <ColumnName>ORDER_TOTAL</ColumnName>
                <DataType>NUMBER</DataType>
                <PrimaryKey>false</PrimaryKey>
                <NullsAllowed>true</NullsAllowed>
                <Size>8</Size>
                <PopulateWith>
                    <DataGenerator>
                        <NumberGenerator>
                            <id>ORDER_TOTALDG</id>
                            <Start>0</Start>
                            <End>10000</End>
                            <OrderedSequence>false</OrderedSequence>
                            <PercentageNull>0</PercentageNull>
                            <LocalSequence>false</LocalSequence>
                            <NormalDistribution>true</NormalDistribution>
                        </NumberGenerator>
                    </DataGenerator>
                </PopulateWith>
            </Column>
            <Column>
                <ColumnName>SALES_REP_ID</ColumnName>
                <DataType>NUMBER</DataType>
                <PrimaryKey>false</PrimaryKey>
                <NullsAllowed>true</NullsAllowed>
                <Size>6</Size>
                <PopulateWith>
                    <DataGenerator>
                        <NumberGenerator>
                            <id>SALES_REP_IDDG</id>
                            <Start>1</Start>
                            <End>1000</End>
                            <OrderedSequence>false</OrderedSequence>
                            <PercentageNull>0</PercentageNull>
                            <NormalDistribution>true</NormalDistribution>
                        </NumberGenerator>
                    </DataGenerator>
                </PopulateWith>
            </Column>
            <Column>
                <ColumnName>PROMOTION_ID</ColumnName>
                <DataType>NUMBER</DataType>
                <PrimaryKey>false</PrimaryKey>
                <NullsAllowed>true</NullsAllowed>
                <Size>6</Size>
                <PopulateWith>
                    <DataGenerator>
                        <NumberGenerator>
                            <id>PROMOTION_IDDG</id>
                            <Start>0</Start>
                            <End>1000</End>
                            <OrderedSequence>false</OrderedSequence>
                            <PercentageNull>0</PercentageNull>
                            <NormalDistribution>true</NormalDistribution>
                        </NumberGenerator>
                    </DataGenerator>
                </PopulateWith>
            </Column>
            <Column>
                <ColumnName>WAREHOUSE_ID</ColumnName>
                <DataType>NUMBER</DataType>
                <PrimaryKey>false</PrimaryKey>
                <NullsAllowed>true</NullsAllowed>
                <Size>6</Size>
                <PopulateWith>
                    <DataGenerator>
                        <NumberGenerator>
                            <id>WAREHOUSE_IDDG</id>
                            <Start>1</Start>
                            <End>1000</End>
                            <OrderedSequence>false</OrderedSequence>
                            <PercentageNull>0</PercentageNull>
                        </NumberGenerator>
                    </DataGenerator>
                </PopulateWith>
            </Column>
            <Column>
                <ColumnName>DELIVERY_TYPE</ColumnName>
                <DataType>VARCHAR</DataType>
                <PrimaryKey>false</PrimaryKey>
                <NullsAllowed>false</NullsAllowed>
                <Size>15</Size>
                <PopulateWith>
                    <DataGenerator>
                        <EnumerationGenerator>
                            <id>DG2</id>
                            <EnumerationValues>Express,Standard,Standard,Standard,Standard,Next_Day,Collection</EnumerationValues>
                            <MinimumRepetitions>1</MinimumRepetitions>
                            <MaximumRepetitions>1</MaximumRepetitions>
                            <PercentageNull>0</PercentageNull>
                            <NormalDistribution>false</NormalDistribution>
                        </EnumerationGenerator>
                    </DataGenerator>
                </PopulateWith>
            </Column>
            <Column>
                <ColumnName>COST_OF_DELIVERY</ColumnName>
                <DataType>NUMBER</DataType>
                <PrimaryKey>false</PrimaryKey>
                <NullsAllowed>false</NullsAllowed>
                <Size>6</Size>
                <PopulateWith>
                    <DataGenerator>
                        <NumberGenerator>
                            <id>DG2</id>
                            <Start>1</Start>
                            <End>5</End>
                            <OrderedSequence>false</OrderedSequence>
                            <PercentageNull>0</PercentageNull>
                            <LocalSequence>false</LocalSequence>
                        </NumberGenerator>
                    </DataGenerator>
                </PopulateWith>
            </Column>
            <Column>
                <ColumnName>WAIT_TILL_ALL_AVAILABLE</ColumnName>
                <DataType>VARCHAR</DataType>
                <PrimaryKey>false</PrimaryKey>
                <NullsAllowed>false</NullsAllowed>
                <Size>15</Size>
                <PopulateWith>
                    <DataGenerator>
                        <EnumerationGenerator>
                            <id>DG2</id>
                            <EnumerationValues>ship_when_ready,ship_asap,ship_when_ready,ship_when_ready,ship_when_ready</EnumerationValues>
                            <MinimumRepetitions>1</MinimumRepetitions>
                            <MaximumRepetitions>1</MaximumRepetitions>
                            <PercentageNull>0</PercentageNull>
                            <NormalDistribution>false</NormalDistribution>
                        </EnumerationGenerator>
                    </DataGenerator>
                </PopulateWith>
            </Column>
            <Column>
                <ColumnName>DELIVERY_ADDRESS_ID</ColumnName>
                <DataType>NUMBER</DataType>
                <PrimaryKey>false</PrimaryKey>
                <NullsAllowed>true</NullsAllowed>
                <Size>6</Size>
                <PopulateWith>
                    <DataGenerator>
                        <NumberGenerator>
                            <id>DG4</id>
                            <Start>1</Start>
                            <End>10</End>
                            <OrderedSequence>false</OrderedSequence>
                            <PercentageNull>0</PercentageNull>
                            <LocalSequence>false</LocalSequence>
                        </NumberGenerator>
                    </DataGenerator>
                </PopulateWith>
            </Column>
            <Column>
                <ColumnName>CUSTOMER_CLASS</ColumnName>
                <DataType>CHAR</DataType>
                <PrimaryKey>false</PrimaryKey>
                <NullsAllowed>true</NullsAllowed>
                <Size>12</Size>
                <PopulateWith>
                    <DataGenerator>
                        <EnumerationGenerator>
                            <id>DG1</id>
                            <EnumerationValues>Prime,Business,Regular,Occasional,Prime,Occasional,Occasional,Occasional,Occasional,Occasional</EnumerationValues>
                            <MinimumRepetitions>1</MinimumRepetitions>
                            <MaximumRepetitions>1</MaximumRepetitions>
                            <PercentageNull>0</PercentageNull>
                            <NormalDistribution>false</NormalDistribution>
                        </EnumerationGenerator>
                    </DataGenerator>
                </PopulateWith>
            </Column>
            <Column>
                <ColumnName>CARD_ID</ColumnName>
                <DataType>NUMBER</DataType>
                <PrimaryKey>false</PrimaryKey>
                <NullsAllowed>false</NullsAllowed>
                <Size>12</Size>
                <PopulateWith>
                    <DataGenerator>
                        <NumberGenerator>
                            <id>DG7</id>
                            <Start>1</Start>
                            <End>6</End>
                            <OrderedSequence>false</OrderedSequence>
                            <PercentageNull>0</PercentageNull>
                            <LocalSequence>false</LocalSequence>
                            <ReferenceTableName>CARD_DETAILS</ReferenceTableName>
                            <Multiplier>1</Multiplier>
                        </NumberGenerator>
                    </DataGenerator>
                </PopulateWith>
            </Column>
            <Column>
                <ColumnName>INVOICE_ADDRESS_ID</ColumnName>
                <DataType>NUMBER</DataType>
                <PrimaryKey>false</PrimaryKey>
                <NullsAllowed>false</NullsAllowed>
                <Size>12</Size>
                <PopulateWith>
                    <DataGenerator>
                        <NumberGenerator>
                            <id>DG8</id>
                            <Start>1</Start>
                            <End>10</End>
                            <OrderedSequence>false</OrderedSequence>
                            <PercentageNull>0</PercentageNull>
                            <LocalSequence>false</LocalSequence>
                        </NumberGenerator>
                    </DataGenerator>
                </PopulateWith>
            </Column>
        </Columns>
        <Partition>
            <PartitionKey>ORDER_ID</PartitionKey>
            <NumberOfPartitions>16</NumberOfPartitions>
        </Partition>
        <Scaleable>true</Scaleable>
        <ScaleRatio>1.0</ScaleRatio>
        <ScaleFormula></ScaleFormula>
        <Dimension>false</Dimension>
    </Table>
    <Table RowCount="446809">
        <TableName>ORDER_ITEMS</TableName>
        <Columns>
            <Column>
                <ColumnName>ORDER_ID</ColumnName>
                <DataType>NUMBER</DataType>
                <PrimaryKey>true</PrimaryKey>
                <NullsAllowed>false</NullsAllowed>
                <Size>12</Size>
                <PopulateWith>
                    <DataGenerator>
                        <NumberGenerator>
                            <id>ORDER_IDDG</id>
                            <Start>0</Start>
                            <End>999999999999</End>
                            <OrderedSequence>true</OrderedSequence>
                        </NumberGenerator>
                    </DataGenerator>
                </PopulateWith>
            </Column>
            <Column>
                <ColumnName>LINE_ITEM_ID</ColumnName>
                <DataType>NUMBER</DataType>
                <PrimaryKey>true</PrimaryKey>
                <NullsAllowed>false</NullsAllowed>
                <Size>3</Size>
                <PopulateWith>
                    <DataGenerator>
                        <NumberGenerator>
                            <id>LINE_ITEM_IDDG</id>
                            <Start>1</Start>
                            <End>999</End>
                            <OrderedSequence>true</OrderedSequence>
                            <SequenceName>LINEITEM_SEQ</SequenceName>
                            <PercentageNull>0</PercentageNull>
                            <LocalSequence>true</LocalSequence>
                        </NumberGenerator>
                    </DataGenerator>
                </PopulateWith>
            </Column>
            <Column>
                <ColumnName>PRODUCT_ID</ColumnName>
                <DataType>NUMBER</DataType>
                <PrimaryKey>false</PrimaryKey>
                <NullsAllowed>false</NullsAllowed>
                <Size>6</Size>
                <PopulateWith>
                    <DataGenerator>
                        <NumberGenerator>
                            <id>PRODUCT_IDDG</id>
                            <Start>1</Start>
                            <End>1000</End>
                            <OrderedSequence>false</OrderedSequence>
                            <PercentageNull>0</PercentageNull>
                            <NormalDistribution>true</NormalDistribution>
                        </NumberGenerator>
                    </DataGenerator>
                </PopulateWith>
            </Column>
            <Column>
                <ColumnName>UNIT_PRICE</ColumnName>
                <DataType>NUMBER</DataType>
                <PrimaryKey>false</PrimaryKey>
                <NullsAllowed>true</NullsAllowed>
                <Size>8</Size>
                <PopulateWith>
                    <DataGenerator>
                        <NumberGenerator>
                            <id>UNIT_PRICEDG</id>
                            <Start>0</Start>
                            <End>2000</End>
                            <OrderedSequence>false</OrderedSequence>
                            <PercentageNull>0</PercentageNull>
                            <LocalSequence>false</LocalSequence>
                            <NormalDistribution>true</NormalDistribution>
                        </NumberGenerator>
                    </DataGenerator>
                </PopulateWith>
            </Column>
            <Column>
                <ColumnName>QUANTITY</ColumnName>
                <DataType>NUMBER</DataType>
                <PrimaryKey>false</PrimaryKey>
                <NullsAllowed>true</NullsAllowed>
                <Size>8</Size>
                <PopulateWith>
                    <DataGenerator>
                        <NumberGenerator>
                            <id>QUANTITYDG</id>
                            <Start>0</Start>
                            <End>10</End>
                            <OrderedSequence>false</OrderedSequence>
                            <PercentageNull>0</PercentageNull>
                            <NormalDistribution>true</NormalDistribution>
                        </NumberGenerator>
                    </DataGenerator>
                </PopulateWith>
            </Column>
            <Column>
                <ColumnName>DISPATCH_DATE</ColumnName>
                <DataType>DATE</DataType>
                <PrimaryKey>false</PrimaryKey>
                <NullsAllowed>true</NullsAllowed>
                <Size>20</Size>
                <PopulateWith>
                    <DataGenerator>
                        <DateGenerator>
                            <id>DG1</id>
                            <Start>2012-01-01T18:43:03.684Z</Start>
                            <End>2012-05-03T18:43:03.684Z</End>
                            <RoundUpDay>true</RoundUpDay>
                            <RoundUpHour>false</RoundUpHour>
                            <AddToResult>0</AddToResult>
                            <PercentageNull>0</PercentageNull>
                        </DateGenerator>
                    </DataGenerator>
                </PopulateWith>
            </Column>
            <Column>
                <ColumnName>RETURN_DATE</ColumnName>
                <DataType>DATE</DataType>
                <PrimaryKey>false</PrimaryKey>
                <NullsAllowed>true</NullsAllowed>
                <Size>20</Size>
                <PopulateWith>
                    <DataGenerator>
                        <DateGenerator>
                            <id>DG2</id>
                            <Start>2000-01-01T18:46:07.984Z</Start>
                            <End>2012-05-03T18:46:07.984Z</End>
                            <RoundUpDay>true</RoundUpDay>
                            <RoundUpHour>false</RoundUpHour>
                            <AddToResult>0</AddToResult>
                            <PercentageNull>97</PercentageNull>
                        </DateGenerator>
                    </DataGenerator>
                </PopulateWith>
            </Column>
            <Column>
                <ColumnName>GIFT_WRAP</ColumnName>
                <DataType>VARCHAR</DataType>
                <PrimaryKey>false</PrimaryKey>
                <NullsAllowed>true</NullsAllowed>
                <Size>20</Size>
                <PopulateWith>
                    <DataGenerator>
                        <EnumerationGenerator>
                            <id>DG3</id>
                            <EnumerationValues>None,None,None,None,None,None,Plain,Seasonal,Girl_Birthday,Boy_Birthday,Glossy</EnumerationValues>
                            <MinimumRepetitions>1</MinimumRepetitions>
                            <MaximumRepetitions>1</MaximumRepetitions>
                            <PercentageNull>0</PercentageNull>
                            <NormalDistribution>false</NormalDistribution>
                        </EnumerationGenerator>
                    </DataGenerator>
                </PopulateWith>
            </Column>
            <Column>
                <ColumnName>CONDITION</ColumnName>
                <DataType>VARCHAR</DataType>
                <PrimaryKey>false</PrimaryKey>
                <NullsAllowed>true</NullsAllowed>
                <Size>20</Size>
                <PopulateWith>
                    <DataGenerator>
                        <EnumerationGenerator>
                            <id>DG4</id>
                            <EnumerationValues>New,New,New,New,New,New,New,New,New,New,New,New,Used,Return,New</EnumerationValues>
                            <MinimumRepetitions>1</MinimumRepetitions>
                            <MaximumRepetitions>1</MaximumRepetitions>
                            <PercentageNull>0</PercentageNull>
                            <NormalDistribution>false</NormalDistribution>
                        </EnumerationGenerator>
                    </DataGenerator>
                </PopulateWith>
            </Column>
            <Column>
                <ColumnName>SUPPLIER_ID</ColumnName>
                <DataType>NUMBER</DataType>
                <PrimaryKey>false</PrimaryKey>
                <NullsAllowed>false</NullsAllowed>
                <Size>6</Size>
                <PopulateWith>
                    <DataGenerator>
                        <NumberGenerator>
                            <id>DG5</id>
                            <Start>1</Start>
                            <End>1000</End>
                            <OrderedSequence>false</OrderedSequence>
                            <PercentageNull>0</PercentageNull>
                            <LocalSequence>false</LocalSequence>
                            <NormalDistribution>true</NormalDistribution>
                        </NumberGenerator>
                    </DataGenerator>
                </PopulateWith>
            </Column>
            <Column>
                <ColumnName>ESTIMATED_DELIVERY</ColumnName>
                <DataType>DATE</DataType>
                <PrimaryKey>false</PrimaryKey>
                <NullsAllowed>false</NullsAllowed>
                <Size>6</Size>
                <PopulateWith>
                    <DataGenerator>
                        <DateGenerator>
                            <id>DG5</id>
                            <Start>2000-01-01T00:00:00Z</Start>
                            <End>2012-05-03T19:26:03.223Z</End>
                            <RoundUpDay>true</RoundUpDay>
                            <RoundUpHour>false</RoundUpHour>
                            <AddToResult>0</AddToResult>
                            <PercentageNull>0</PercentageNull>
                        </DateGenerator>
                    </DataGenerator>
                </PopulateWith>
            </Column>
        </Columns>
        <ParentChildRelationship>
            <ParentTable>ORDERS</ParentTable>
            <ParentColumn>ORDER_ID</ParentColumn>
            <ChildColumn>ORDER_ID</ChildColumn>
            <MinChildParentCount>1</MinChildParentCount>
            <MaxChildParentCount>10</MaxChildParentCount>
            <ResetChildColumn>LINE_ITEM_ID</ResetChildColumn>
        </ParentChildRelationship>
        <Scaleable>false</Scaleable>
        <ScaleRatio>1.0</ScaleRatio>
        <ScaleFormula></ScaleFormula>
        <Dimension>false</Dimension>
    </Table>
    <Table RowCount="1000000">
        <TableName>CUSTOMERS</TableName>
        <Columns>
            <Column>
                <ColumnName>CUSTOMER_ID</ColumnName>
                <DataType>NUMBER</DataType>
                <PrimaryKey>true</PrimaryKey>
                <NullsAllowed>false</NullsAllowed>
                <Size>12</Size>
                <PopulateWith>
                    <DataGenerator>
                        <NumberGenerator>
                            <id>CUSTOMER_IDDG</id>
                            <Start>1</Start>
                            <End>1000000</End>
                            <OrderedSequence>true</OrderedSequence>
                            <SequenceName>CUSTOMER_SEQ</SequenceName>
                            <PercentageNull>0</PercentageNull>
                            <LocalSequence>true</LocalSequence>
                            <ReferenceTableName>CUSTOMERS</ReferenceTableName>
                            <Multiplier>1</Multiplier>
                        </NumberGenerator>
                    </DataGenerator>
                </PopulateWith>
            </Column>
            <Column>
                <ColumnName>CUST_FIRST_NAME</ColumnName>
                <DataType>VARCHAR2</DataType>
                <PrimaryKey>false</PrimaryKey>
                <NullsAllowed>false</NullsAllowed>
                <Size>40</Size>
                <PopulateWith>
                    <DataGenerator>
                        <FileSamplerGenerator>
                            <id>DG3</id>
                            <SampleFile>data/lowerfirstnames.txt</SampleFile>
                            <SampleCount>1</SampleCount>
                            <PercentageNull>0</PercentageNull>
                            <UseSpaceSeperator>false</UseSpaceSeperator>
                            <NormalDistribution>true</NormalDistribution>
                        </FileSamplerGenerator>
                    </DataGenerator>
                </PopulateWith>
            </Column>
            <Column>
                <ColumnName>CUST_LAST_NAME</ColumnName>
                <DataType>VARCHAR2</DataType>
                <PrimaryKey>false</PrimaryKey>
                <NullsAllowed>false</NullsAllowed>
                <Size>40</Size>
                <PopulateWith>
                    <DataGenerator>
                        <FileSamplerGenerator>
                            <id>DG4</id>
                            <SampleFile>data/lowerlastnames.txt</SampleFile>
                            <SampleCount>1</SampleCount>
                            <PercentageNull>0</PercentageNull>
                            <UseSpaceSeperator>false</UseSpaceSeperator>
                            <NormalDistribution>true</NormalDistribution>
                        </FileSamplerGenerator>
                    </DataGenerator>
                </PopulateWith>
            </Column>
            <Column>
                <ColumnName>NLS_LANGUAGE</ColumnName>
                <DataType>VARCHAR2</DataType>
                <PrimaryKey>false</PrimaryKey>
                <NullsAllowed>true</NullsAllowed>
                <Size>3</Size>
                <PopulateWith>
                    <DataGenerator>
                        <CharacterGenerator>
                            <id>NLS_LANGUAGEDG</id>
                            <CharacterClass>Uppercase Alpha</CharacterClass>
                            <MinimumSize>2</MinimumSize>
                            <MaximumSize>3</MaximumSize>
                            <PercentageNull>0</PercentageNull>
                        </CharacterGenerator>
                    </DataGenerator>
                </PopulateWith>
            </Column>
            <Column>
                <ColumnName>NLS_TERRITORY</ColumnName>
                <DataType>VARCHAR2</DataType>
                <PrimaryKey>false</PrimaryKey>
                <NullsAllowed>true</NullsAllowed>
                <Size>30</Size>
                <PopulateWith>
                    <DataGenerator>
                        <EnumerationGenerator>
                            <id>DG1</id>
                            <EnumerationValues>Alabama,Arizona,California (Northern),California (Southern),Colorado,Connecticut,Florida,Georgia,Illinois,Indiana,Iowa,Kansas,Maine,Maryland,Massachusetts,Michigan,Minnesota,Missouri,Nevada,New Hampshire,New Jersey,New Mexico,New York,North Carolina,North Dakota,Ohio,Oklahoma,Oregon,Pennsylvania,Pennsylvania (Eastern),Rhode Island,South Dakota,Texas,Utah,Vermont,Washington,Wisconsin,Brazil,Mexico,Austria,Belgium,Bulgaria,Czech Republic,Denmark,Estonia,Finland,France,Germany,Hungary,Ireland,Israel,Italy,Latvia,Lithuania,Norway,Poland,Portugal,Romania,Russia,Scotland,Slovak Republic,Slovenia,Spain,Sweden,Switzerland,The Netherlands,Ukraine,United Kingdom,China,Hong Kong,India,Indonesia,Japan,Korea,Malaysia,Philippines,Singapore,Taiwan,Thailand,Vietnam</EnumerationValues>
                            <MinimumRepetitions>1</MinimumRepetitions>
                            <MaximumRepetitions>1</MaximumRepetitions>
                            <PercentageNull>0</PercentageNull>
                            <NormalDistribution>false</NormalDistribution>
                        </EnumerationGenerator>
                    </DataGenerator>
                </PopulateWith>
            </Column>
            <Column>
                <ColumnName>CREDIT_LIMIT</ColumnName>
                <DataType>NUMBER</DataType>
                <PrimaryKey>false</PrimaryKey>
                <NullsAllowed>true</NullsAllowed>
                <Size>9</Size>
                <PopulateWith>
                    <DataGenerator>
                        <EnumerationGenerator>
                            <id>DG1</id>
                            <EnumerationValues>1000,2000,3000,4000,5000,5500,6000,6500,10000,20000,50000,100000</EnumerationValues>
                            <MinimumRepetitions>1</MinimumRepetitions>
                            <MaximumRepetitions>1</MaximumRepetitions>
                            <PercentageNull>0</PercentageNull>
                            <NormalDistribution>true</NormalDistribution>
                        </EnumerationGenerator>
                    </DataGenerator>
                </PopulateWith>
            </Column>
            <Column>
                <ColumnName>CUST_EMAIL</ColumnName>
                <DataType>VARCHAR2</DataType>
                <PrimaryKey>false</PrimaryKey>
                <NullsAllowed>true</NullsAllowed>
                <Size>50</Size>
                <PopulateWith>
                    <DataGenerator>
                        <FileSamplerGenerator>
                            <id>DG2</id>
                            <SampleFile>data/lowerfirstnames.txt</SampleFile>
                            <SampleCount>1</SampleCount>
                            <PercentageNull>0</PercentageNull>
                            <UseSpaceSeperator>false</UseSpaceSeperator>
                            <postfix>.</postfix>
                            <NormalDistribution>true</NormalDistribution>
                        </FileSamplerGenerator>
                    </DataGenerator>
                    <DataGenerator>
                        <FileSamplerGenerator>
                            <id>DG3</id>
                            <SampleFile>data/lowerlastnames.txt</SampleFile>
                            <SampleCount>1</SampleCount>
                            <PercentageNull>0</PercentageNull>
                            <UseSpaceSeperator>false</UseSpaceSeperator>
                            <postfix>@</postfix>
                            <NormalDistribution>true</NormalDistribution>
                        </FileSamplerGenerator>
                    </DataGenerator>
                    <DataGenerator>
                        <EnumerationGenerator>
                            <id>DG5</id>
                            <EnumerationValues>gmail,hotmail,msn,googlemail,yahoo,me,comcast,aol,verizon,bellsouth,cox,ntlworld,virgin,bt,plusnet</EnumerationValues>
                            <MinimumRepetitions>1</MinimumRepetitions>
                            <MaximumRepetitions>1</MaximumRepetitions>
                            <PercentageNull>0</PercentageNull>
                            <postfix>.com</postfix>
                            <NormalDistribution>false</NormalDistribution>
                        </EnumerationGenerator>
                    </DataGenerator>
                </PopulateWith>
            </Column>
            <Column>
                <ColumnName>ACCOUNT_MGR_ID</ColumnName>
                <DataType>NUMBER</DataType>
                <PrimaryKey>false</PrimaryKey>
                <NullsAllowed>true</NullsAllowed>
                <Size>6</Size>
                <PopulateWith>
                    <DataGenerator>
                        <NumberGenerator>
                            <id>ACCOUNT_MGR_IDDG</id>
                            <Start>0</Start>
                            <End>1000</End>
                            <OrderedSequence>false</OrderedSequence>
                            <PercentageNull>0</PercentageNull>
                            <LocalSequence>false</LocalSequence>
                            <NormalDistribution>true</NormalDistribution>
                        </NumberGenerator>
                    </DataGenerator>
                </PopulateWith>
            </Column>
            <Column>
                <ColumnName>CUSTOMER_SINCE</ColumnName>
                <DataType>DATE</DataType>
                <PrimaryKey>false</PrimaryKey>
                <NullsAllowed>true</NullsAllowed>
                <Size>15</Size>
                <PopulateWith>
                    <DataGenerator>
                        <DateGenerator>
                            <id>DG1</id>
                            <Start>2000-01-01T00:00:00Z</Start>
                            <End>2012-05-04T17:21:34.375Z</End>
                            <RoundUpDay>true</RoundUpDay>
                            <RoundUpHour>false</RoundUpHour>
                            <AddToResult>0</AddToResult>
                            <PercentageNull>0</PercentageNull>
                        </DateGenerator>
                    </DataGenerator>
                </PopulateWith>
            </Column>
            <Column>
                <ColumnName>CUSTOMER_CLASS</ColumnName>
                <DataType>VARCHAR</DataType>
                <PrimaryKey>false</PrimaryKey>
                <NullsAllowed>true</NullsAllowed>
                <Size>15</Size>
                <PopulateWith>
                    <DataGenerator>
                        <EnumerationGenerator>
                            <id>DG2</id>
                            <EnumerationValues>Prime,Business,Regular,Occasional,Prime,Occasional,Occasional,Occasional,Occasional,Occasional</EnumerationValues>
                            <MinimumRepetitions>1</MinimumRepetitions>
                            <MaximumRepetitions>1</MaximumRepetitions>
                            <PercentageNull>0</PercentageNull>
                            <NormalDistribution>false</NormalDistribution>
                        </EnumerationGenerator>
                    </DataGenerator>
                </PopulateWith>
            </Column>
            <Column>
                <ColumnName>SUGGESTIONS</ColumnName>
                <DataType>VARCHAR</DataType>
                <PrimaryKey>false</PrimaryKey>
                <NullsAllowed>false</NullsAllowed>
                <Size>15</Size>
                <PopulateWith>
                    <DataGenerator>
                        <EnumerationGenerator>
                            <id>DG4</id>
                            <EnumerationValues>Camping,Health,Electronics,Photography,Books,Music,Games,Toys,Cloths,DIY,Car,Cooking,Sports</EnumerationValues>
                            <MinimumRepetitions>1</MinimumRepetitions>
                            <MaximumRepetitions>1</MaximumRepetitions>
                            <PercentageNull>0</PercentageNull>
                            <NormalDistribution>false</NormalDistribution>
                        </EnumerationGenerator>
                    </DataGenerator>
                </PopulateWith>
            </Column>
            <Column>
                <ColumnName>DOB</ColumnName>
                <DataType>DATE</DataType>
                <PrimaryKey>false</PrimaryKey>
                <NullsAllowed>false</NullsAllowed>
                <Size>15</Size>
                <PopulateWith>
                    <DataGenerator>
                        <DateGenerator>
                            <id>DG3</id>
                            <Start>1950-01-01T00:00:00Z</Start>
                            <End>2000-05-05T00:00:00Z</End>
                            <RoundUpDay>true</RoundUpDay>
                            <RoundUpHour>false</RoundUpHour>
                            <AddToResult>0</AddToResult>
                            <PercentageNull>0</PercentageNull>
                        </DateGenerator>
                    </DataGenerator>
                </PopulateWith>
            </Column>
            <Column>
                <ColumnName>MAILSHOT</ColumnName>
                <DataType>VARCHAR</DataType>
                <PrimaryKey>false</PrimaryKey>
                <NullsAllowed>false</NullsAllowed>
                <Size>1</Size>
                <PopulateWith>
                    <DataGenerator>
                        <EnumerationGenerator>
                            <id>DG1</id>
                            <EnumerationValues>Y,Y,Y,N</EnumerationValues>
                            <MinimumRepetitions>1</MinimumRepetitions>
                            <MaximumRepetitions>1</MaximumRepetitions>
                            <PercentageNull>0</PercentageNull>
                            <NormalDistribution>false</NormalDistribution>
                        </EnumerationGenerator>
                    </DataGenerator>
                </PopulateWith>
            </Column>
            <Column>
                <ColumnName>PARTNER_MAILSHOT</ColumnName>
                <DataType>VARCHAR</DataType>
                <PrimaryKey>false</PrimaryKey>
                <NullsAllowed>false</NullsAllowed>
                <Size>1</Size>
                <PopulateWith>
                    <DataGenerator>
                        <EnumerationGenerator>
                            <id>DG2</id>
                            <EnumerationValues>Y,N,N</EnumerationValues>
                            <MinimumRepetitions>1</MinimumRepetitions>
                            <MaximumRepetitions>1</MaximumRepetitions>
                            <PercentageNull>0</PercentageNull>
                            <NormalDistribution>false</NormalDistribution>
                        </EnumerationGenerator>
                    </DataGenerator>
                </PopulateWith>
            </Column>
            <Column>
                <ColumnName>PREFERRED_ADDRESS</ColumnName>
                <DataType>NUMBER</DataType>
                <PrimaryKey>false</PrimaryKey>
                <NullsAllowed>true</NullsAllowed>
                <Size>12</Size>
                <PopulateWith>
                    <DataGenerator>
                        <NumberGenerator>
                            <id>DG1</id>
                            <Start>1</Start>
                            <End>100</End>
                            <OrderedSequence>false</OrderedSequence>
                            <PercentageNull>5</PercentageNull>
                            <LocalSequence>false</LocalSequence>
                            <ReferenceTableName>ADDRESSES</ReferenceTableName>
                            <Multiplier>1</Multiplier>
                        </NumberGenerator>
                    </DataGenerator>
                </PopulateWith>
            </Column>
            <Column>
                <ColumnName>PREFERRED_CARD</ColumnName>
                <DataType>NUMBER</DataType>
                <PrimaryKey>false</PrimaryKey>
                <NullsAllowed>false</NullsAllowed>
                <Size>12</Size>
                <PopulateWith>
                    <DataGenerator>
                        <NumberGenerator>
                            <id>DG2</id>
                            <Start>1</Start>
                            <End>6</End>
                            <OrderedSequence>false</OrderedSequence>
                            <PercentageNull>0</PercentageNull>
                            <LocalSequence>false</LocalSequence>
                            <ReferenceTableName>CARD_DETAILS</ReferenceTableName>
                            <Multiplier>1</Multiplier>
                        </NumberGenerator>
                    </DataGenerator>
                </PopulateWith>
            </Column>
        </Columns>
        <Partition>
            <PartitionKey>CUSTOMER_ID</PartitionKey>
            <NumberOfPartitions>16</NumberOfPartitions>
        </Partition>
        <Scaleable>true</Scaleable>
        <ScaleRatio>1.0</ScaleRatio>
        <ScaleFormula></ScaleFormula>
        <Dimension>false</Dimension>
    </Table>
    <Table RowCount="1500000">
        <TableName>ADDRESSES</TableName>
        <Columns>
            <Column>
                <ColumnName>ADDRESS_ID</ColumnName>
                <DataType>NUMBER</DataType>
                <PrimaryKey>true</PrimaryKey>
                <NullsAllowed>false</NullsAllowed>
                <Size>12</Size>
                <PopulateWith>
                    <DataGenerator>
                        <NumberGenerator>
                            <id>ADDRESS_IDDG</id>
                            <Start>1</Start>
                            <End>100</End>
                            <OrderedSequence>true</OrderedSequence>
                            <SequenceName>ADDRESS_SEQ</SequenceName>
                            <PercentageNull>0</PercentageNull>
                            <LocalSequence>true</LocalSequence>
                            <ReferenceTableName>ADDRESSES</ReferenceTableName>
                            <Multiplier>1</Multiplier>
                        </NumberGenerator>
                    </DataGenerator>
                </PopulateWith>
            </Column>
            <Column>
                <ColumnName>CUSTOMER_ID</ColumnName>
                <DataType>NUMBER</DataType>
                <PrimaryKey>false</PrimaryKey>
                <NullsAllowed>false</NullsAllowed>
                <Size>12</Size>
                <PopulateWith>
                    <DataGenerator>
                        <NumberGenerator>
                            <id>CUSTOMER_IDDG</id>
                            <Start>1</Start>
                            <End>1000000</End>
                            <OrderedSequence>false</OrderedSequence>
                            <PercentageNull>0</PercentageNull>
                            <LocalSequence>false</LocalSequence>
                            <ReferenceTableName>CUSTOMERS</ReferenceTableName>
                            <Multiplier>1</Multiplier>
                        </NumberGenerator>
                    </DataGenerator>
                </PopulateWith>
            </Column>
            <Column>
                <ColumnName>HOUSE_NO_OR_NAME</ColumnName>
                <DataType>VARCHAR2</DataType>
                <PrimaryKey>false</PrimaryKey>
                <NullsAllowed>true</NullsAllowed>
                <Size>60</Size>
                <PopulateWith>
                    <DataGenerator>
                        <CharacterGenerator>
                            <id>HOUSE_NO_OR_NAMEDG</id>
                            <CharacterClass>Numeric</CharacterClass>
                            <MinimumSize>1</MinimumSize>
                            <MaximumSize>3</MaximumSize>
                            <PercentageNull>10</PercentageNull>
                        </CharacterGenerator>
                    </DataGenerator>
                </PopulateWith>
            </Column>
            <Column>
                <ColumnName>STREET_NAME</ColumnName>
                <DataType>VARCHAR2</DataType>
                <PrimaryKey>false</PrimaryKey>
                <NullsAllowed>true</NullsAllowed>
                <Size>60</Size>
                <PopulateWith>
                    <DataGenerator>
                        <FileSamplerGenerator>
                            <id>DG1</id>
                            <SampleFile>data/1000mostpopularadjectives.txt</SampleFile>
                            <SampleCount>1</SampleCount>
                            <PercentageNull>0</PercentageNull>
                            <UseSpaceSeperator>true</UseSpaceSeperator>
                            <NormalDistribution>false</NormalDistribution>
                        </FileSamplerGenerator>
                    </DataGenerator>
                    <DataGenerator>
                        <EnumerationGenerator>
                            <id>DG2</id>
                            <EnumerationValues>gardens,road,road,road,street,close</EnumerationValues>
                            <MinimumRepetitions>1</MinimumRepetitions>
                            <MaximumRepetitions>1</MaximumRepetitions>
                            <PercentageNull>0</PercentageNull>
                            <NormalDistribution>false</NormalDistribution>
                        </EnumerationGenerator>
                    </DataGenerator>
                </PopulateWith>
            </Column>
            <Column>
                <ColumnName>TOWN</ColumnName>
                <DataType>VARCHAR2</DataType>
                <PrimaryKey>false</PrimaryKey>
                <NullsAllowed>false</NullsAllowed>
                <Size>60</Size>
                <PopulateWith>
                    <DataGenerator>
                        <FileSamplerGenerator>
                            <id>DG1</id>
                            <SampleFile>data/towns.txt</SampleFile>
                            <SampleCount>1</SampleCount>
                            <PercentageNull>0</PercentageNull>
                            <UseSpaceSeperator>false</UseSpaceSeperator>
                            <NormalDistribution>false</NormalDistribution>
                        </FileSamplerGenerator>
                    </DataGenerator>
                </PopulateWith>
            </Column>
            <Column>
                <ColumnName>COUNTY</ColumnName>
                <DataType>VARCHAR2</DataType>
                <PrimaryKey>false</PrimaryKey>
                <NullsAllowed>true</NullsAllowed>
                <Size>60</Size>
                <PopulateWith>
                    <DataGenerator>
                        <FileSamplerGenerator>
                            <id>DG1</id>
                            <SampleFile>data/counties.txt</SampleFile>
                            <SampleCount>1</SampleCount>
                            <PercentageNull>0</PercentageNull>
                            <UseSpaceSeperator>false</UseSpaceSeperator>
                            <NormalDistribution>false</NormalDistribution>
                        </FileSamplerGenerator>
                    </DataGenerator>
                </PopulateWith>
            </Column>
            <Column>
                <ColumnName>COUNTRY</ColumnName>
                <DataType>VARCHAR2</DataType>
                <PrimaryKey>false</PrimaryKey>
                <NullsAllowed>true</NullsAllowed>
                <Size>60</Size>
                <PopulateWith>
                    <DataGenerator>
                        <FileSamplerGenerator>
                            <id>DG2</id>
                            <SampleFile>data/countries.txt</SampleFile>
                            <SampleCount>1</SampleCount>
                            <PercentageNull>0</PercentageNull>
                            <UseSpaceSeperator>false</UseSpaceSeperator>
                            <NormalDistribution>false</NormalDistribution>
                        </FileSamplerGenerator>
                    </DataGenerator>
                </PopulateWith>
            </Column>
            <Column>
                <ColumnName>POST_CODE</ColumnName>
                <DataType>VARCHAR2</DataType>
                <PrimaryKey>false</PrimaryKey>
                <NullsAllowed>true</NullsAllowed>
                <Size>12</Size>
                <PopulateWith>
                    <DataGenerator>
                        <CharacterGenerator>
                            <id>POST_CODEDG</id>
                            <CharacterClass>Uppercase Alpha Numeric</CharacterClass>
                            <MinimumSize>6</MinimumSize>
                            <MaximumSize>6</MaximumSize>
                            <PercentageNull>50</PercentageNull>
                        </CharacterGenerator>
                    </DataGenerator>
                </PopulateWith>
            </Column>
            <Column>
                <ColumnName>ZIP_CODE</ColumnName>
                <DataType>VARCHAR2</DataType>
                <PrimaryKey>false</PrimaryKey>
                <NullsAllowed>true</NullsAllowed>
                <Size>12</Size>
                <PopulateWith>
                    <DataGenerator>
                        <CharacterGenerator>
                            <id>ZIP_CODEDG</id>
                            <CharacterClass>Numeric</CharacterClass>
                            <MinimumSize>6</MinimumSize>
                            <MaximumSize>6</MaximumSize>
                            <PercentageNull>50</PercentageNull>
                        </CharacterGenerator>
                    </DataGenerator>
                </PopulateWith>
            </Column>
            <Column>
                <ColumnName>DATE_CREATED</ColumnName>
                <DataType>DATE</DataType>
                <PrimaryKey>false</PrimaryKey>
                <NullsAllowed>false</NullsAllowed>
                <Size>60</Size>
                <PopulateWith>
                    <DataGenerator>
                        <DateGenerator>
                            <id>DG1</id>
                            <Start>2000-01-01T00:00:00Z</Start>
                            <End>2012-05-06T16:51:36.418Z</End>
                            <RoundUpDay>false</RoundUpDay>
                            <RoundUpHour>true</RoundUpHour>
                            <AddToResult>0</AddToResult>
                            <PercentageNull>0</PercentageNull>
                        </DateGenerator>
                    </DataGenerator>
                </PopulateWith>
            </Column>
        </Columns>
        <Partition>
            <PartitionKey>ADDRESS_ID</PartitionKey>
            <NumberOfPartitions>16</NumberOfPartitions>
        </Partition>
        <Scaleable>true</Scaleable>
    </Table>
    <Table RowCount="1500000">
        <TableName>CARD_DETAILS</TableName>
        <Columns>
            <Column>
                <ColumnName>CARD_ID</ColumnName>
                <DataType>NUMBER</DataType>
                <PrimaryKey>true</PrimaryKey>
                <NullsAllowed>false</NullsAllowed>
                <Size>12</Size>
                <PopulateWith>
                    <DataGenerator>
                        <NumberGenerator>
                            <id>DG1</id>
                            <Start>1</Start>
                            <End>100</End>
                            <OrderedSequence>true</OrderedSequence>
                            <SequenceName>CARD_ID_SEQ</SequenceName>
                            <PercentageNull>0</PercentageNull>
                            <LocalSequence>false</LocalSequence>
                            <ReferenceTableName>CARD_DETAILS</ReferenceTableName>
                            <Multiplier>1</Multiplier>
                        </NumberGenerator>
                    </DataGenerator>
                </PopulateWith>
            </Column>
            <Column>
                <ColumnName>CUSTOMER_ID</ColumnName>
                <DataType>NUMBER</DataType>
                <PrimaryKey>false</PrimaryKey>
                <NullsAllowed>false</NullsAllowed>
                <Size>12</Size>
                <PopulateWith>
                    <DataGenerator>
                        <NumberGenerator>
                            <id>DG1</id>
                            <Start>1</Start>
                            <End>1000</End>
                            <OrderedSequence>false</OrderedSequence>
                            <PercentageNull>0</PercentageNull>
                            <LocalSequence>false</LocalSequence>
                            <ReferenceTableName>CUSTOMERS</ReferenceTableName>
                            <Multiplier>1</Multiplier>
                        </NumberGenerator>
                    </DataGenerator>
                </PopulateWith>
            </Column>
            <Column>
                <ColumnName>CARD_TYPE</ColumnName>
                <DataType>VARCHAR</DataType>
                <PrimaryKey>false</PrimaryKey>
                <NullsAllowed>false</NullsAllowed>
                <Size>30</Size>
                <PopulateWith>
                    <DataGenerator>
                        <EnumerationGenerator>
                            <id>DG3</id>
                            <EnumerationValues>Visa(Debit),Visa(Debit),Visa(Credit),Amex,Paypal,Cheque,Voucher,MasterCard</EnumerationValues>
                            <MinimumRepetitions>1</MinimumRepetitions>
                            <MaximumRepetitions>1</MaximumRepetitions>
                            <PercentageNull>0</PercentageNull>
                            <NormalDistribution>false</NormalDistribution>
                        </EnumerationGenerator>
                    </DataGenerator>
                </PopulateWith>
            </Column>
            <Column>
                <ColumnName>CARD_NUMBER</ColumnName>
                <DataType>NUMBER</DataType>
                <PrimaryKey>false</PrimaryKey>
                <NullsAllowed>false</NullsAllowed>
                <Size>12</Size>
                <PopulateWith>
                    <DataGenerator>
                        <NumberGenerator>
                            <id>DG2</id>
                            <Start>1111111111</Start>
                            <End>1410065407</End>
                            <OrderedSequence>false</OrderedSequence>
                            <PercentageNull>0</PercentageNull>
                            <LocalSequence>false</LocalSequence>
                        </NumberGenerator>
                    </DataGenerator>
                </PopulateWith>
            </Column>
            <Column>
                <ColumnName>EXPIRY_DATE</ColumnName>
                <DataType>DATE</DataType>
                <PrimaryKey>false</PrimaryKey>
                <NullsAllowed>false</NullsAllowed>
                <Size>1</Size>
                <PopulateWith>
                    <DataGenerator>
                        <DateGenerator>
                            <id>DG2</id>
                            <Start>2013-08-01T00:00:00Z</Start>
                            <End>2018-08-01T00:00:00Z</End>
                            <RoundUpDay>true</RoundUpDay>
                            <RoundUpHour>false</RoundUpHour>
                            <AddToResult>0</AddToResult>
                            <PercentageNull>0</PercentageNull>
                        </DateGenerator>
                    </DataGenerator>
                </PopulateWith>
            </Column>
            <Column>
                <ColumnName>IS_VALID</ColumnName>
                <DataType>VARCHAR</DataType>
                <PrimaryKey>false</PrimaryKey>
                <NullsAllowed>false</NullsAllowed>
                <Size>1</Size>
                <PopulateWith>
                    <DataGenerator>
                        <EnumerationGenerator>
                            <id>DG1</id>
                            <EnumerationValues>Y,Y,Y,Y,Y,Y,Y,Y,Y,Y,Y,Y,Y,Y,Y,Y,Y,Y,Y,Y,N,Y,Y,Y,Y,Y,Y,Y,Y,Y,Y,Y,Y,Y</EnumerationValues>
                            <MinimumRepetitions>1</MinimumRepetitions>
                            <MaximumRepetitions>1</MaximumRepetitions>
                            <PercentageNull>0</PercentageNull>
                            <NormalDistribution>false</NormalDistribution>
                        </EnumerationGenerator>
                    </DataGenerator>
                </PopulateWith>
            </Column>
            <Column>
                <ColumnName>SECURITY_CODE</ColumnName>
                <DataType>NUMBER</DataType>
                <PrimaryKey>false</PrimaryKey>
                <NullsAllowed>false</NullsAllowed>
                <Size>6</Size>
                <PopulateWith>
                    <DataGenerator>
                        <NumberGenerator>
                            <id>DG5</id>
                            <Start>1111</Start>
                            <End>9999</End>
                            <OrderedSequence>false</OrderedSequence>
                            <PercentageNull>0</PercentageNull>
                            <LocalSequence>false</LocalSequence>
                        </NumberGenerator>
                    </DataGenerator>
                </PopulateWith>
            </Column>
        </Columns>
        <Partition>
            <PartitionKey>CARD_ID</PartitionKey>
            <NumberOfPartitions>16</NumberOfPartitions>
        </Partition>
        <Scaleable>true</Scaleable>
    </Table>
    <Sequence>
        <SequenceName>ORDERS_SEQ</SequenceName>
        <StartWith>1</StartWith>
        <IncrementBy>1</IncrementBy>
        <CacheSize>1000</CacheSize>
        <Ordered>false</Ordered>
    </Sequence>
    <Sequence>
        <SequenceName>LINEITEM_SEQ</SequenceName>
        <StartWith>1</StartWith>
        <IncrementBy>1</IncrementBy>
        <CacheSize>1000</CacheSize>
        <Ordered>false</Ordered>
    </Sequence>
    <Sequence>
        <SequenceName>CUSTOMER_SEQ</SequenceName>
        <StartWith>1</StartWith>
        <IncrementBy>1</IncrementBy>
        <CacheSize>1000</CacheSize>
        <Ordered>false</Ordered>
    </Sequence>
    <Sequence>
        <SequenceName>PRODUCT_SEQ</SequenceName>
        <StartWith>1</StartWith>
        <IncrementBy>1</IncrementBy>
        <CacheSize>1000</CacheSize>
        <Ordered>false</Ordered>
    </Sequence>
    <Sequence>
        <SequenceName>PRODUCT_DESC_SEQ</SequenceName>
        <StartWith>1</StartWith>
        <IncrementBy>1</IncrementBy>
        <CacheSize>1000</CacheSize>
        <Ordered>false</Ordered>
    </Sequence>
    <Sequence>
        <SequenceName>WAREHOUSE_SEQ</SequenceName>
        <StartWith>1</StartWith>
        <IncrementBy>1</IncrementBy>
        <CacheSize>1000</CacheSize>
        <Ordered>false</Ordered>
    </Sequence>
    <Sequence>
        <SequenceName>INVENTORIES_SEQ</SequenceName>
        <StartWith>1</StartWith>
        <IncrementBy>1</IncrementBy>
        <CacheSize>1000</CacheSize>
        <Ordered>false</Ordered>
    </Sequence>
    <Sequence>
        <SequenceName>ADDRESS_SEQ</SequenceName>
        <StartWith>1</StartWith>
        <IncrementBy>1</IncrementBy>
        <CacheSize>1000</CacheSize>
        <Ordered>false</Ordered>
    </Sequence>
    <Sequence>
        <SequenceName>LOGON_ID</SequenceName>
        <StartWith>1</StartWith>
        <IncrementBy>1</IncrementBy>
        <CacheSize>1000</CacheSize>
        <Ordered>false</Ordered>
    </Sequence>
    <Sequence>
        <SequenceName>CARD_ID_SEQ</SequenceName>
        <StartWith>1</StartWith>
        <IncrementBy>1</IncrementBy>
        <CacheSize>1000</CacheSize>
        <Ordered>false</Ordered>
    </Sequence>
    <PreGenerationScript/>
    <PostGenerationScript/>
</TableDataGenerator>
